gender,summary,mean,min,max
Female,2.7281852590000007E7,55677.25018367348,10616.44,99948.28
Male,2.805957258000003E7,55344.32461538468,10101.92,99942.92
